test_case,sequence
1AOY,QEELVKAFKALLKEEKFSSQGEIVAALQEQGFDNINQSKVSRMLTKFGAVRTRNAKMEMVYCLPAELGV
1AOY__I23L,QEELVKAFKALLKEEKFSSQGELVAALQEQGFDNINQSKVSRMLTKFGAVRTRNAKMEMVYCLPAELGV
1AOY__Q30W,QEELVKAFKALLKEEKFSSQGEIVAALQEWGFDNINQSKVSRMLTKFGAVRTRNAKMEMVYCLPAELGV
1AOY__S38H,QEELVKAFKALLKEEKFSSQGEIVAALQEQGFDNINQHKVSRMLTKFGAVRTRNAKMEMVYCLPAELGV
1EM7_L7A,TTYKLIANGKTLKGETTTEAVDAETAERVFKEYAKKNGVDGEWTYDDATKTFTVTE
1EM7_L7A__T44V,TTYKLIANGKTLKGETTTEAVDAETAERVFKEYAKKNGVDGEWVYDDATKTFTVTE
1EM7_L7A__V39G,TTYKLIANGKTLKGETTTEAVDAETAERVFKEYAKKNGGDGEWTYDDATKTFTVTE
1EM7_L7A__Y45R,TTYKLIANGKTLKGETTTEAVDAETAERVFKEYAKKNGVDGEWTRDDATKTFTVTE
1EM7_V54S,TTYKLILNGKTLKGETTTEAVDAETAERVFKEYAKKNGVDGEWTYDDATKTFTSTE
1EM7_V54S__D40G,TTYKLILNGKTLKGETTTEAVDAETAERVFKEYAKKNGVGGEWTYDDATKTFTSTE
1EM7_V54S__D47W,TTYKLILNGKTLKGETTTEAVDAETAERVFKEYAKKNGVDGEWTYDWATKTFTSTE
1EM7_V54S__V39A,TTYKLILNGKTLKGETTTEAVDAETAERVFKEYAKKNGADGEWTYDDATKTFTSTE
1ENH,AFSSEQLARLKREFNENRYLTERRRQQLSSELGLNEAQIKIWFQNKRA
1ENH__L32G_F43N,AFSSEQLARLKREFNENRYLTERRRQQLSSEGGLNEAQIKIWNQNKRA
1ENH__Q6C,AFSSECLARLKREFNENRYLTERRRQQLSSELGLNEAQIKIWFQNKRA
1ENH__S4V,AFSVEQLARLKREFNENRYLTERRRQQLSSELGLNEAQIKIWFQNKRA
1GB4_A27K,MTTFKLIINGKTLKGEITIEAVDAAEKEKIFKQYANDNGIDGEWTYDDATKTFTVTE
1GB4_A27K__D48P,MTTFKLIINGKTLKGEITIEAVDAAEKEKIFKQYANDNGIDGEWTYDPATKTFTVTE
1GB4_A27K__Q33P,MTTFKLIINGKTLKGEITIEAVDAAEKEKIFKPYANDNGIDGEWTYDDATKTFTVTE
1GB4_A27K__T3R,MTRFKLIINGKTLKGEITIEAVDAAEKEKIFKQYANDNGIDGEWTYDDATKTFTVTE
1GB4_F53D,MTTFKLIINGKTLKGEITIEAVDAAEAEKIFKQYANDNGIDGEWTYDDATKTDTVTE
1GB4_F53D__D48Y,MTTFKLIINGKTLKGEITIEAVDAAEAEKIFKQYANDNGIDGEWTYDYATKTDTVTE
1GB4_F53D__N38C,MTTFKLIINGKTLKGEITIEAVDAAEAEKIFKQYANDCGIDGEWTYDDATKTDTVTE
1GB4_F53D__T50V,MTTFKLIINGKTLKGEITIEAVDAAEAEKIFKQYANDNGIDGEWTYDDAVKTDTVTE
1GJS,NSLAEAKVLANRELDKYGVSDYYKNLINNAKTVEGVKALIDEILA
1GJS__A38S,NSLAEAKVLANRELDKYGVSDYYKNLINNAKTVEGVKSLIDEILA
1GJS__L3H,NSHAEAKVLANRELDKYGVSDYYKNLINNAKTVEGVKALIDEILA
1GJS__L3K,NSKAEAKVLANRELDKYGVSDYYKNLINNAKTVEGVKALIDEILA
1I6C,KLPPGWEKRMSRSSGRVYYFNHITNASQWERPSGNSSSG
1I6C__I23L,KLPPGWEKRMSRSSGRVYYFNHLTNASQWERPSGNSSSG
1I6C__N35E,KLPPGWEKRMSRSSGRVYYFNHITNASQWERPSGESSSG
1I6C__R9P_F20F,KLPPGWEKPMSRSSGRVYYFNHITNASQWERPSGNSSSG
1PGA_L5A,MTYKAILNGKTLKGETTTEAVDAATAEKVFKQYANDNGVDGEWTYDDATKTFTVTE
1PGA_L5A__D36V,MTYKAILNGKTLKGETTTEAVDAATAEKVFKQYANVNGVDGEWTYDDATKTFTVTE
1PGA_L5A__T18H,MTYKAILNGKTLKGETTHEAVDAATAEKVFKQYANDNGVDGEWTYDDATKTFTVTE
1PGA_L5A__T53R,MTYKAILNGKTLKGETTTEAVDAATAEKVFKQYANDNGVDGEWTYDDATKTFRVTE
1PGA_L7S,MTYKLISNGKTLKGETTTEAVDAATAEKVFKQYANDNGVDGEWTYDDATKTFTVTE
1PGA_L7S__A23G,MTYKLISNGKTLKGETTTEAVDGATAEKVFKQYANDNGVDGEWTYDDATKTFTVTE
1PGA_L7S__K50S,MTYKLISNGKTLKGETTTEAVDAATAEKVFKQYANDNGVDGEWTYDDATSTFTVTE
1PGA_L7S__S7C,MTYKLICNGKTLKGETTTEAVDAATAEKVFKQYANDNGVDGEWTYDDATKTFTVTE
1PGA_T51A,MTYKLILNGKTLKGETTTEAVDAATAEKVFKQYANDNGVDGEWTYDDATKAFTVTE
1PGA_T51A__A24D,MTYKLILNGKTLKGETTTEAVDADTAEKVFKQYANDNGVDGEWTYDDATKAFTVTE
1PGA_T51A__D40N,MTYKLILNGKTLKGETTTEAVDAATAEKVFKQYANDNGVNGEWTYDDATKAFTVTE
1PGA_T51A__L5K,MTYKKILNGKTLKGETTTEAVDAATAEKVFKQYANDNGVDGEWTYDDATKAFTVTE
1PGA_V39S,MTYKLILNGKTLKGETTTEAVDAATAEKVFKQYANDNGSDGEWTYDDATKTFTVTE
1PGA_V39S__L7D,MTYKLIDNGKTLKGETTTEAVDAATAEKVFKQYANDNGSDGEWTYDDATKTFTVTE
1PGA_V39S__T17M,MTYKLILNGKTLKGETMTEAVDAATAEKVFKQYANDNGSDGEWTYDDATKTFTVTE
1PGX_A27S,VTTYKLVINGKTLKGETTTKAVDAETSEKAFKQYANDNGVDGVWTYDDATKTFTVTEMV
1PGX_A27S__A35C,VTTYKLVINGKTLKGETTTKAVDAETSEKAFKQYCNDNGVDGVWTYDDATKTFTVTEMV
1PGX_A27S__D48F,VTTYKLVINGKTLKGETTTKAVDAETSEKAFKQYANDNGVDGVWTYDFATKTFTVTEMV
1PGX_A27S__K51R,VTTYKLVINGKTLKGETTTKAVDAETSEKAFKQYANDNGVDGVWTYDDATRTFTVTEMV
1TG0,EVPFKVVAQFPYKSDYEDDLNFEKDQEIIVTSVEDAEWYFGEYQDSNGDVIEGIFPKSFVAVQG
1TG0__A36P,EVPFKVVAQFPYKSDYEDDLNFEKDQEIIVTSVEDPEWYFGEYQDSNGDVIEGIFPKSFVAVQG
1TG0__D45C_N47P,EVPFKVVAQFPYKSDYEDDLNFEKDQEIIVTSVEDAEWYFGEYQCSPGDVIEGIFPKSFVAVQG
1TG0__E1N,NVPFKVVAQFPYKSDYEDDLNFEKDQEIIVTSVEDAEWYFGEYQDSNGDVIEGIFPKSFVAVQG
2AMI,GLTEEQKQEIREAFDLFDTDGSGTIDAKELKVAMRALGFEPKKEEIKKMISEIDKDGSGTIDFEEFLTMMTA
2AMI__F14S_F63Y,GLTEEQKQEIREASDLFDTDGSGTIDAKELKVAMRALGFEPKKEEIKKMISEIDKDGSGTIDYEEFLTMMTA
2AMI__F63S,GLTEEQKQEIREAFDLFDTDGSGTIDAKELKVAMRALGFEPKKEEIKKMISEIDKDGSGTIDSEEFLTMMTA
2AMI__I10V_M70V,GLTEEQKQEVREAFDLFDTDGSGTIDAKELKVAMRALGFEPKKEEIKKMISEIDKDGSGTIDFEEFLTMVTA
2JN4,MKVMIRKTATGHSAYVAKKDLEELIVEMENPALWGGKVTLANGWQLELPAMAADTPLPITVEARKL
2JN4__L46M,MKVMIRKTATGHSAYVAKKDLEELIVEMENPALWGGKVTLANGWQMELPAMAADTPLPITVEARKL
2JN4__Q45I,MKVMIRKTATGHSAYVAKKDLEELIVEMENPALWGGKVTLANGWILELPAMAADTPLPITVEARKL
2JN4__T39A_Q45I,MKVMIRKTATGHSAYVAKKDLEELIVEMENPALWGGKVALANGWILELPAMAADTPLPITVEARKL
2JWS,LNLKQAKEEAIKELVDAGIAEKYIKLIANAKTVEGVWTLKDEILTFTV
2JWS__E8V,LNLKQAKVEAIKELVDAGIAEKYIKLIANAKTVEGVWTLKDEILTFTV
2JWS__I24D,LNLKQAKEEAIKELVDAGIAEKYDKLIANAKTVEGVWTLKDEILTFTV
2JWS__K4M,LNLMQAKEEAIKELVDAGIAEKYIKLIANAKTVEGVWTLKDEILTFTV
2JWT,RTAFSSEQLARLKREFNENRYLTERRRQQLSSELGLNEAQIKIWFQNKRA
2JWT__E15N,RTAFSSEQLARLKRNFNENRYLTERRRQQLSSELGLNEAQIKIWFQNKRA
2JWT__F4C,RTACSSEQLARLKREFNENRYLTERRRQQLSSELGLNEAQIKIWFQNKRA
2JWT__R11G_R26W,RTAFSSEQLAGLKREFNENRYLTERWRQQLSSELGLNEAQIKIWFQNKRA
2K1B,FAVESIRKKRVRKGKVEYLVKWKGWPPKYSTWEPEEHILDPRLVMAYEE
2K1B__A46P,FAVESIRKKRVRKGKVEYLVKWKGWPPKYSTWEPEEHILDPRLVMPYEE
2K1B__V3F,FAFESIRKKRVRKGKVEYLVKWKGWPPKYSTWEPEEHILDPRLVMAYEE
2K1B__V3Y_L43Y,FAYESIRKKRVRKGKVEYLVKWKGWPPKYSTWEPEEHILDPRYVMAYEE
2K28,AVESIEKKRIRKGRVEYLVKWRGWSPKYNTWEPEENILDPRLLIAFQNRE
2K28__K8Q,AVESIEKQRIRKGRVEYLVKWRGWSPKYNTWEPEENILDPRLLIAFQNRE
2K28__K8S_F46S,AVESIEKSRIRKGRVEYLVKWRGWSPKYNTWEPEENILDPRLLIASQNRE
2K28__T30P_N36A,AVESIEKKRIRKGRVEYLVKWRGWSPKYNPWEPEEAILDPRLLIAFQNRE
2K2A,ELREAFRLYDKEGNGYISTDVMREILAELDETLSSEDLDAMIDEIDADGSGTVDFEEFMGVMT
2K2A__R7A,ELREAFALYDKEGNGYISTDVMREILAELDETLSSEDLDAMIDEIDADGSGTVDFEEFMGVMT
2K2A__S50I_T52D,ELREAFRLYDKEGNGYISTDVMREILAELDETLSSEDLDAMIDEIDADGIGDVDFEEFMGVMT
2K2A__S50L_T52N,ELREAFRLYDKEGNGYISTDVMREILAELDETLSSEDLDAMIDEIDADGLGNVDFEEFMGVMT
2KCF,GSKLPPGWEKRMSRSSGRVYYFNHITNASQWERPSG
2KCF__P6H,GSKLPHGWEKRMSRSSGRVYYFNHITNASQWERPSG
2KCF__Q30N,GSKLPPGWEKRMSRSSGRVYYFNHITNASNWERPSG
2KCF__S2N,GNKLPPGWEKRMSRSSGRVYYFNHITNASQWERPSG
2L7F,HFTSQQLQELEATFQRNRYPDMSTREEIAVWTNLTEARVRVWFKNRRAKWR
2L7F__E27H,HFTSQQLQELEATFQRNRYPDMSTREHIAVWTNLTEARVRVWFKNRRAKWR
2L7F__R38A,HFTSQQLQELEATFQRNRYPDMSTREEIAVWTNLTEAAVRVWFKNRRAKWR
2L7F__T13A,HFTSQQLQELEAAFQRNRYPDMSTREEIAVWTNLTEARVRVWFKNRRAKWR
2L7M,THFTSQQLQELEATFQRNHYPDMSTREEIAVWTNLTEARVRVWFKNRRAKWR
2L7M__E12D_R47H,THFTSQQLQELDATFQRNHYPDMSTREEIAVWTNLTEARVRVWFKNHRAKWR
2L7M__E12F_R47F,THFTSQQLQELFATFQRNHYPDMSTREEIAVWTNLTEARVRVWFKNFRAKWR
2L7M__F15W_R47V,THFTSQQLQELEATWQRNHYPDMSTREEIAVWTNLTEARVRVWFKNVRAKWR
2M0C,TFTSYQLEELEKVFQKTHYPDVYAREQLAMRTDLTEARVQVWFQNRRA
2M0C__N45F,TFTSYQLEELEKVFQKTHYPDVYAREQLAMRTDLTEARVQVWFQFRRA
2M0C__T3G,TFGSYQLEELEKVFQKTHYPDVYAREQLAMRTDLTEARVQVWFQNRRA
2M0C__Y5T,TFTSTQLEELEKVFQKTHYPDVYAREQLAMRTDLTEARVQVWFQNRRA
2M2L,TFEVERIVRKKIVHGNTSYLVKWKNYSSKDNTWETEDDIRTKYGDLVDDFEK
2M2L__K10V_E51Q,TFEVERIVRVKIVHGNTSYLVKWKNYSSKDNTWETEDDIRTKYGDLVDDFQK
2M2L__V4F,TFEFERIVRKKIVHGNTSYLVKWKNYSSKDNTWETEDDIRTKYGDLVDDFEK
2M8I,GLEHMADEEKLPPGWEKRMSRSSGRVYYFNHITNASQWERPSG
2M8I__R18E,GLEHMADEEKLPPGWEKEMSRSSGRVYYFNHITNASQWERPSG
2M8I__R18Q_F29M,GLEHMADEEKLPPGWEKQMSRSSGRVYYMNHITNASQWERPSG
2M8I__V26G,GLEHMADEEKLPPGWEKRMSRSSGRGYYFNHITNASQWERPSG
2M8J,GLEHMADEEKLPPGWEKRMERSSGRVYYFNHITNASQWERPSG
2M8J__K10M,GLEHMADEEMLPPGWEKRMERSSGRVYYFNHITNASQWERPSG
2M8J__K17F,GLEHMADEEKLPPGWEFRMERSSGRVYYFNHITNASQWERPSG
2M8J__P12N,GLEHMADEEKLNPGWEKRMERSSGRVYYFNHITNASQWERPSG
2M8U,TKAQVIEAFKVFDRDGNGYVTVDYLRKVLNELGDMMPADEIEEMIYEADPQNSGYVQYETFVGMLFL
2M8U__K2Q,TQAQVIEAFKVFDRDGNGYVTVDYLRKVLNELGDMMPADEIEEMIYEADPQNSGYVQYETFVGMLFL
2M8U__T60G,TKAQVIEAFKVFDRDGNGYVTVDYLRKVLNELGDMMPADEIEEMIYEADPQNSGYVQYEGFVGMLFL
2M8U__T60N,TKAQVIEAFKVFDRDGNGYVTVDYLRKVLNELGDMMPADEIEEMIYEADPQNSGYVQYENFVGMLFL
2M9I,KLPPGWEKRMFRSNGTVYYFNHITNASQFERPSG
2M9I__F11Y,KLPPGWEKRMYRSNGTVYYFNHITNASQFERPSG
2M9I__R31F,KLPPGWEKRMFRSNGTVYYFNHITNASQFEFPSG
2M9I__V17G,KLPPGWEKRMFRSNGTGYYFNHITNASQFERPSG
2MKX_L11A,TYYTVKSGDTANKIAAQYGVSVANLRSWNGISGDLIFVGQKLIVKKG
2MKX_L11A__A23P,TYYTVKSGDTANKIAAQYGVSVPNLRSWNGISGDLIFVGQKLIVKKG
2MKX_L11A__G8L,TYYTVKSLDTANKIAAQYGVSVANLRSWNGISGDLIFVGQKLIVKKG
2MKX_L11A__S7I,TYYTVKIGDTANKIAAQYGVSVANLRSWNGISGDLIFVGQKLIVKKG
2MKX_N29S,TYYTVKSGDTLNKIAAQYGVSVANLRSWSGISGDLIFVGQKLIVKKG
2MKX_N29S__D9M,TYYTVKSGMTLNKIAAQYGVSVANLRSWSGISGDLIFVGQKLIVKKG
2MKX_N29S__G19W,TYYTVKSGDTLNKIAAQYWVSVANLRSWSGISGDLIFVGQKLIVKKG
2MKX_N29S__K41C,TYYTVKSGDTLNKIAAQYGVSVANLRSWSGISGDLIFVGQCLIVKKG
2MYX,GGHPVTTQMVETVQNLAPNLHPEQIRYSLENTGSVEETVERYLRGDEFSFPP
2MYX__I25L,GGHPVTTQMVETVQNLAPNLHPEQLRYSLENTGSVEETVERYLRGDEFSFPP
2MYX__Q24V,GGHPVTTQMVETVQNLAPNLHPEVIRYSLENTGSVEETVERYLRGDEFSFPP
2MYX__R41A_D46S,GGHPVTTQMVETVQNLAPNLHPEQIRYSLENTGSVEETVEAYLRGSEFSFPP
2OP7,NEEPLPEGWEIRYTREGVRYFVDHNTRTTTFKDPRNGKS
2OP7__D23S_T26Q,NEEPLPEGWEIRYTREGVRYFVSHNQRTTTFKDPRNGKS
2OP7__D23W,NEEPLPEGWEIRYTREGVRYFVWHNTRTTTFKDPRNGKS
2OP7__H24V,NEEPLPEGWEIRYTREGVRYFVDVNTRTTTFKDPRNGKS
2PTL_I58A,EVTIKANLIFANGSTQTAEFKGTFEKATSEAYAYADTLKKDNGEYTVDVADKGYTLNAKFAG
2PTL_I58A__K39I,EVTIKANLIFANGSTQTAEFKGTFEKATSEAYAYADTLIKDNGEYTVDVADKGYTLNAKFAG
2PTL_I58A__T23V,EVTIKANLIFANGSTQTAEFKGVFEKATSEAYAYADTLKKDNGEYTVDVADKGYTLNAKFAG
2PTL_I58A__Y34N,EVTIKANLIFANGSTQTAEFKGTFEKATSEAYANADTLKKDNGEYTVDVADKGYTLNAKFAG
2PTL_L38S,EVTIKANLIFANGSTQTAEFKGTFEKATSEAYAYADTSKKDNGEYTVDVADKGYTLNIKFAG
2PTL_L38S__F20M,EVTIKANLIFANGSTQTAEMKGTFEKATSEAYAYADTSKKDNGEYTVDVADKGYTLNIKFAG
2PTL_L38S__F24T,EVTIKANLIFANGSTQTAEFKGTTEKATSEAYAYADTSKKDNGEYTVDVADKGYTLNIKFAG
2PTL_L38S__G53H,EVTIKANLIFANGSTQTAEFKGTFEKATSEAYAYADTSKKDNGEYTVDVADKHYTLNIKFAG
2QFF,QNEKLANELKSLLDELNVNELATGSLNTYYKRTIKISGQKAMYALKSKDFKKMSEAKYQLQKIYNEIDEA
2QFF__K31F,QNEKLANELKSLLDELNVNELATGSLNTYYFRTIKISGQKAMYALKSKDFKKMSEAKYQLQKIYNEIDEA
2QFF__K4H,QNEHLANELKSLLDELNVNELATGSLNTYYKRTIKISGQKAMYALKSKDFKKMSEAKYQLQKIYNEIDEA
2QFF__M53N,QNEKLANELKSLLDELNVNELATGSLNTYYKRTIKISGQKAMYALKSKDFKKNSEAKYQLQKIYNEIDEA
2RRT,SEEEIREAFRVFDKDGNGYISAADLRHVMTNLGEKLTDEEVDEMIREADIDGDGQVNYEDFVQMMTA
2RRT__A48P,SEEEIREAFRVFDKDGNGYISAADLRHVMTNLGEKLTDEEVDEMIREPDIDGDGQVNYEDFVQMMTA
2RRT__F9P_F61V,SEEEIREAPRVFDKDGNGYISAADLRHVMTNLGEKLTDEEVDEMIREADIDGDGQVNYEDVVQMMTA
2RRT__I5W_M65T,SEEEWREAFRVFDKDGNGYISAADLRHVMTNLGEKLTDEEVDEMIREADIDGDGQVNYEDFVQMTTA
2WQG,SADYSSLTVVQLKDLLTKRNLSVGGLKNEWVQRLIKDDEES
2WQG__R19K,SADYSSLTVVQLKDLLTKKNLSVGGLKNEWVQRLIKDDEES
2WQG__T8G_Q11M,SADYSSLGVVMLKDLLTKRNLSVGGLKNEWVQRLIKDDEES
2WQG__T8V_Q11A,SADYSSLVVVALKDLLTKRNLSVGGLKNEWVQRLIKDDEES
2YSB,GEDLPLPPGWSVDWTMRGRKYYIDHNTNTTHWSHPLESGPSSG
2YSB__G39H,GEDLPLPPGWSVDWTMRGRKYYIDHNTNTTHWSHPLESHPSSG
2YSB__P40A,GEDLPLPPGWSVDWTMRGRKYYIDHNTNTTHWSHPLESGASSG
2YSF,GLPEGWEMRFTVDGIPYFVDHNRRTTTYIDPRTG
2YSF__N22G,GLPEGWEMRFTVDGIPYFVDHGRRTTTYIDPRTG
2ZW1_V55S,MDTYKLILNGKTLKGETTTEAVDAATAEKVFKHYANEHGVHGHWTYDPETKTFTSTE
2ZW1_V55S__T26C,MDTYKLILNGKTLKGETTTEAVDAACAEKVFKHYANEHGVHGHWTYDPETKTFTSTE
2ZW1_V55S__T3I,MDIYKLILNGKTLKGETTTEAVDAATAEKVFKHYANEHGVHGHWTYDPETKTFTSTE
2ZW1_V55S__V40A,MDTYKLILNGKTLKGETTTEAVDAATAEKVFKHYANEHGAHGHWTYDPETKTFTSTE
2ZW1_Y34A,MDTYKLILNGKTLKGETTTEAVDAATAEKVFKHAANEHGVHGHWTYDPETKTFTVTE
2ZW1_Y34A__E57H,MDTYKLILNGKTLKGETTTEAVDAATAEKVFKHAANEHGVHGHWTYDPETKTFTVTH
2ZW1_Y34A__P48W,MDTYKLILNGKTLKGETTTEAVDAATAEKVFKHAANEHGVHGHWTYDWETKTFTVTE
2ZW1_Y34A__T12R,MDTYKLILNGKRLKGETTTEAVDAATAEKVFKHAANEHGVHGHWTYDPETKTFTVTE
4C26,SELMNSSKLIRMLEEDGWRLVRVTGSAHHFKHPKKPGLVTVPHPKKDLPIGTVKSIQKSAGL
4C26__K58A,SELMNSSKLIRMLEEDGWRLVRVTGSAHHFKHPKKPGLVTVPHPKKDLPIGTVKSIQASAGL
4C26__S6N_H43H,SELMNNSKLIRMLEEDGWRLVRVTGSAHHFKHPKKPGLVTVPHPKKDLPIGTVKSIQKSAGL
4C26__W18F_H32E,SELMNSSKLIRMLEEDGFRLVRVTGSAHHFKEPKKPGLVTVPHPKKDLPIGTVKSIQKSAGL
4UZW,SADYSSLTVVQLKDLLTKRNLSVGGLKNELVQRLIKDDEESKGE
4UZW__E29C_R33M,SADYSSLTVVQLKDLLTKRNLSVGGLKNCLVQMLIKDDEESKGE
4UZW__E29M_R33R,SADYSSLTVVQLKDLLTKRNLSVGGLKNMLVQRLIKDDEESKGE
4UZW__T8A_Q11E,SADYSSLAVVELKDLLTKRNLSVGGLKNELVQRLIKDDEESKGE
5AHT,GSMEQGFLPKGWEVRHAPNGRPFFIDHNTKTTTWEDPRLKIPA
5AHT__I41M,GSMEQGFLPKGWEVRHAPNGRPFFIDHNTKTTTWEDPRLKMPA
5AHT__I41Y,GSMEQGFLPKGWEVRHAPNGRPFFIDHNTKTTTWEDPRLKYPA
5AHT__N19D,GSMEQGFLPKGWEVRHAPDGRPFFIDHNTKTTTWEDPRLKIPA
5UBS,MTFKLIINGKTLKGETTTEAVDAATAEKVFKQYFNDNGIDGEWTYDDATKTFTITE
5UBS__E15S,MTFKLIINGKTLKGSTTTEAVDAATAEKVFKQYFNDNGIDGEWTYDDATKTFTITE
5UBS__K10C,MTFKLIINGCTLKGETTTEAVDAATAEKVFKQYFNDNGIDGEWTYDDATKTFTITE
5UBS__N37D,MTFKLIINGKTLKGETTTEAVDAATAEKVFKQYFNDDGIDGEWTYDDATKTFTITE
5UCE,MTFKAIINGKTLKGETTTEAVDAATAEKVFKQYFNDNGLDGEWTYDDATKTFTVTE
5UCE__F34C_V54G,MTFKAIINGKTLKGETTTEAVDAATAEKVFKQYCNDNGLDGEWTYDDATKTFTGTE
5UCE__L39V,MTFKAIINGKTLKGETTTEAVDAATAEKVFKQYFNDNGVDGEWTYDDATKTFTVTE
5UCE__T25L,MTFKAIINGKTLKGETTTEAVDAALAEKVFKQYFNDNGLDGEWTYDDATKTFTVTE
5Z2S,AVTGSQTALLLRAFEKDRFPGIAAREELARETGLPESRIQIWFQNRR
5Z2S__F19L,AVTGSQTALLLRAFEKDRLPGIAAREELARETGLPESRIQIWFQNRR
5Z2S__G21L,AVTGSQTALLLRAFEKDRFPLIAAREELARETGLPESRIQIWFQNRR
5Z2S__N45M,AVTGSQTALLLRAFEKDRFPGIAAREELARETGLPESRIQIWFQMRR
6FVC,EQLARLKREFNENRYLTERRRQQLSSELGLNEAQIKIWFQNERA
6FVC__L24V,EQLARLKREFNENRYLTERRRQQVSSELGLNEAQIKIWFQNERA
6FVC__L6Q,EQLARQKREFNENRYLTERRRQQLSSELGLNEAQIKIWFQNERA
6FVC__S26G,EQLARLKREFNENRYLTERRRQQLSGELGLNEAQIKIWFQNERA
7JJK,RPMNAFMVWARIHRPALAKANPAANNAEISVQLGLEWNKLSEEQKKPYYDEAQKIKE
7JJK__Q44K,RPMNAFMVWARIHRPALAKANPAANNAEISVQLGLEWNKLSEEKKKPYYDEAQKIKE
7JJK__V8S,RPMNAFMSWARIHRPALAKANPAANNAEISVQLGLEWNKLSEEQKKPYYDEAQKIKE
7JJK__Y49E,RPMNAFMVWARIHRPALAKANPAANNAEISVQLGLEWNKLSEEQKKPYEDEAQKIKE
EA_run2_0290_0001,LELTLRVGDKTWHFKDVDEEFVRHLEELLKRGAHEREIEEIIREWLR
EA_run2_0290_0001__E26I,LELTLRVGDKTWHFKDVDEEFVRHLIELLKRGAHEREIEEIIREWLR
EA_run2_0290_0001__R43I,LELTLRVGDKTWHFKDVDEEFVRHLEELLKRGAHEREIEEIIIEWLR
EA_run2_0325_0005,DEVTIHLGDKTIRVDGLDKELLEILKELARRGADEEELRKEIERWER
EA_run2_0325_0005__D15G,DEVTIHLGDKTIRVGGLDKELLEILKELARRGADEEELRKEIERWER
EA_run2_0325_0005__L28R,DEVTIHLGDKTIRVDGLDKELLEILKERARRGADEEELRKEIERWER
EA_run2_0325_0005__R30F,DEVTIHLGDKTIRVDGLDKELLEILKELAFRGADEEELRKEIERWER
EA_run3_0525_0006,SHFELRVGTITLHFDNISEELAEELEKLAKNGVHADEIRRWWEEWLK
EA_run3_0525_0006__A22Q,SHFELRVGTITLHFDNISEELQEELEKLAKNGVHADEIRRWWEEWLK
EA_run3_0525_0006__E43I,SHFELRVGTITLHFDNISEELAEELEKLAKNGVHADEIRRWWIEWLK
EA_run3_0525_0006__R40T,SHFELRVGTITLHFDNISEELAEELEKLAKNGVHADEIRTWWEEWLK
EA_run3_1140_0005,FHVTIHVGDITFHIHGVSEEEVKKLEELVRRGADWREIKKTIEEIEK
EA_run3_1140_0005__A33Y,FHVTIHVGDITFHIHGVSEEEVKKLEELVRRGYDWREIKKTIEEIEK
EA_run3_1140_0005__E19C,FHVTIHVGDITFHIHGVSCEEVKKLEELVRRGADWREIKKTIEEIEK
EA_run3_1140_0005__H2F,FFVTIHVGDITFHIHGVSEEEVKKLEELVRRGADWREIKKTIEEIEK
EA_run6_1429_0006,STVKVRLGHLEVTLHNVSEEDVRELRELWKNGADEEDLRRWLEEWKK
EA_run6_1429_0006__K46S,STVKVRLGHLEVTLHNVSEEDVRELRELWKNGADEEDLRRWLEEWSK
EA_run6_1429_0006__V22A,STVKVRLGHLEVTLHNVSEEDARELRELWKNGADEEDLRRWLEEWKK
EA_run6_1429_0006__V22S,STVKVRLGHLEVTLHNVSEEDSRELRELWKNGADEEDLRRWLEEWKK
EA_run7_1572_0002,DRHTIHIGDITIHLEGFSEEELKLAEELIKRGIHLEEVKRILEELYR
EA_run7_1572_0002__A25P,DRHTIHIGDITIHLEGFSEEELKLPEELIKRGIHLEEVKRILEELYR
EA_run7_1572_0002__I7L,DRHTIHLGDITIHLEGFSEEELKLAEELIKRGIHLEEVKRILEELYR
EA_run7_1572_0002__I7M,DRHTIHMGDITIHLEGFSEEELKLAEELIKRGIHLEEVKRILEELYR
EEHEE_rd3_0019,GQVHVGDTTYHFPNPEEARKFAEKAAKENNLQVTQHGNTFKVE
EEHEE_rd3_0019__A22W,GQVHVGDTTYHFPNPEEARKFWEKAAKENNLQVTQHGNTFKVE
EEHEE_rd3_0019__E17C,GQVHVGDTTYHFPNPECARKFAEKAAKENNLQVTQHGNTFKVE
EEHEE_rd3_0019__Q35V,GQVHVGDTTYHFPNPEEARKFAEKAAKENNLQVTVHGNTFKVE
EEHEE_rd3_0094,SQVHIGNTTFTFDNPEKAQKYAEKYAKKKGLTVQKNGDVWTVE
EEHEE_rd3_0094__H4P,SQVPIGNTTFTFDNPEKAQKYAEKYAKKKGLTVQKNGDVWTVE
EEHEE_rd3_0094__I5K,SQVHKGNTTFTFDNPEKAQKYAEKYAKKKGLTVQKNGDVWTVE
EEHEE_rd3_0094__T32H,SQVHIGNTTFTFDNPEKAQKYAEKYAKKKGLHVQKNGDVWTVE
EEHEE_rd3_0146,QTVVIGDTTYHLNNPEAAQQIAKELAKKYGLKVVISGNTIKLK
EEHEE_rd3_0146__I40S,QTVVIGDTTYHLNNPEAAQQIAKELAKKYGLKVVISGNTSKLK
EEHEE_rd3_0602,TTIEWNGTKITVDNPQKAKELAKKIAKKLGLTVKVHGNTITIE
EEHEE_rd3_0602__H36N,TTIEWNGTKITVDNPQKAKELAKKIAKKLGLTVKVNGNTITIE
EEHEE_rd3_0602__T2L,TLIEWNGTKITVDNPQKAKELAKKIAKKLGLTVKVHGNTITIE
EEHEE_rd3_0657,GQVNVNNTTYTFPTPKLAKEFAQKAAKKYNLTVHVSGNTVTVK
EEHEE_rd3_0657__K16V,GQVNVNNTTYTFPTPVLAKEFAQKAAKKYNLTVHVSGNTVTVK
EEHEE_rd3_0657__N30A,GQVNVNNTTYTFPTPKLAKEFAQKAAKKYALTVHVSGNTVTVK
EEHEE_rd3_0657__P15Q,GQVNVNNTTYTFPTQKLAKEFAQKAAKKYNLTVHVSGNTVTVK
EEHEE_rd3_1049,TTVKLGDIKVTFDNPEKAKKYAQKLAKIYQLTVHVHGDTIHVK
EEHEE_rd3_1049__K24R,TTVKLGDIKVTFDNPEKAKKYAQRLAKIYQLTVHVHGDTIHVK
EEHEE_rd3_1049__V35M,TTVKLGDIKVTFDNPEKAKKYAQKLAKIYQLTVHMHGDTIHVK
EEHEE_rd3_1587__Q41W,QTIHNGDQTYHYDNPEEAIKVAQKLAKIYNLTVTVKGNTVWVH
EEHEE_rd3_1810,TTVKVNGTKYKFDTPEEAQKFAKKAADKYNLKVVVDGDDLRVE
EEHEE_rd3_1810__D38A,TTVKVNGTKYKFDTPEEAQKFAKKAADKYNLKVVVDGADLRVE
EEHEE_rd3_1810__K4T,TTVTVNGTKYKFDTPEEAQKFAKKAADKYNLKVVVDGDDLRVE
EEHEE_rd3_1810__K9T,TTVKVNGTTYKFDTPEEAQKFAKKAADKYNLKVVVDGDDLRVE
EEHEE_rd4_0003,KKVTINGVEIKFNNPEEAVKFALELAKRLNLRIEFHGDQIKIE
EEHEE_rd4_0003__I33C,KKVTINGVEIKFNNPEEAVKFALELAKRLNLRCEFHGDQIKIE
EEHEE_rd4_0003__K1F,FKVTINGVEIKFNNPEEAVKFALELAKRLNLRIEFHGDQIKIE
EEHEE_rd4_0003__R32A,KKVTINGVEIKFNNPEEAVKFALELAKRLNLAIEFHGDQIKIE
EEHEE_rd4_0256,LTVQLGNLEWHFDNPEQALKMAEELAKRYQLKVEIDNGTLKFK
EEHEE_rd4_0256__D13W,LTVQLGNLEWHFWNPEQALKMAEELAKRYQLKVEIDNGTLKFK
EEHEE_rd4_0256__P15S,LTVQLGNLEWHFDNSEQALKMAEELAKRYQLKVEIDNGTLKFK
EEHEE_rd4_0256__T2N,LNVQLGNLEWHFDNPEQALKMAEELAKRYQLKVEIDNGTLKFK
EEHEE_rd4_0363,VTVDIKGMEYHFDNPEEAKKFAERMAKELGGELKVENGTLKVE
EEHEE_rd4_0363__A22Y,VTVDIKGMEYHFDNPEEAKKFYERMAKELGGELKVENGTLKVE
EEHEE_rd4_0363__I5N,VTVDNKGMEYHFDNPEEAKKFAERMAKELGGELKVENGTLKVE
EEHEE_rd4_0363__K19Q,VTVDIKGMEYHFDNPEEAQKFAERMAKELGGELKVENGTLKVE
EEHEE_rd4_0371,VTVHVNRYTYHFDNPEEAEKFAREMAKRLNMTVEIHGNTLKVE
EEHEE_rd4_0371__A18V,VTVHVNRYTYHFDNPEEVEKFAREMAKRLNMTVEIHGNTLKVE
EEHEE_rd4_0371__K20P,VTVHVNRYTYHFDNPEEAEPFAREMAKRLNMTVEIHGNTLKVE
EEHEE_rd4_0371__V5E,VTVHENRYTYHFDNPEEAEKFAREMAKRLNMTVEIHGNTLKVE
EEHEE_rd4_0469,ITIHVNGVTYHFDNPEEAEKFAQKMAKTYQLKMEIHNGEFHME
EEHEE_rd4_0469__E16P,ITIHVNGVTYHFDNPPEAEKFAQKMAKTYQLKMEIHNGEFHME
EEHEE_rd4_0469__I1S,STIHVNGVTYHFDNPEEAEKFAQKMAKTYQLKMEIHNGEFHME
EEHEE_rd4_0469__N14V,ITIHVNGVTYHFDVPEEAEKFAQKMAKTYQLKMEIHNGEFHME
EEHEE_rd4_0470,MTVRVDGVDYEFSSLEEAVRFALKMAKSKGAEVQLHNGTFHVE
EEHEE_rd4_0470__N37Q,MTVRVDGVDYEFSSLEEAVRFALKMAKSKGAEVQLHQGTFHVE
EEHEE_rd4_0470__Q34M,MTVRVDGVDYEFSSLEEAVRFALKMAKSKGAEVMLHNGTFHVE
EEHEE_rd4_0470__V19N,MTVRVDGVDYEFSSLEEANRFALKMAKSKGAEVQLHNGTFHVE
EEHEE_rd4_0481,KTVHVNGVQYDFDNPEQAERFAKEMAKKAGLQIQFHGDQIKIE
EEHEE_rd4_0481__F35A,KTVHVNGVQYDFDNPEQAERFAKEMAKKAGLQIQAHGDQIKIE
EEHEE_rd4_0481__H4A,KTVAVNGVQYDFDNPEQAERFAKEMAKKAGLQIQFHGDQIKIE
EEHEE_rd4_0481__N6W,KTVHVWGVQYDFDNPEQAERFAKEMAKKAGLQIQFHGDQIKIE
EEHEE_rd4_0647,MQVTWGNVTVTFSNPEEAKKYAEKVARKLGGQVELHNGQFRIK
EEHEE_rd4_0647__A22L,MQVTWGNVTVTFSNPEEAKKYLEKVARKLGGQVELHNGQFRIK
EEHEE_rd4_0647__A26C,MQVTWGNVTVTFSNPEEAKKYAEKVCRKLGGQVELHNGQFRIK
EEHEE_rd4_0647__K19R,MQVTWGNVTVTFSNPEEARKYAEKVARKLGGQVELHNGQFRIK
EEHEE_rd4_0763,LTVHVGNVTYHFDNPEQAEEWAKRMAKKYQGQIHVKDGQFRIE
EEHEE_rd4_0763__I33C,LTVHVGNVTYHFDNPEQAEEWAKRMAKKYQGQCHVKDGQFRIE
EEHEE_rd4_0763__Q30Y,LTVHVGNVTYHFDNPEQAEEWAKRMAKKYYGQIHVKDGQFRIE
EEHEE_rd4_0763__W21P,LTVHVGNVTYHFDNPEQAEEPAKRMAKKYQGQIHVKDGQFRIE
EEHEE_rd4_0794,TTVHVNGVTYHFPNPEEAKKFVDRVVKEAGLTVEVKGNQWDVE
EEHEE_rd4_0794__A29I,TTVHVNGVTYHFPNPEEAKKFVDRVVKEIGLTVEVKGNQWDVE
EEHEE_rd4_0794__L31G,TTVHVNGVTYHFPNPEEAKKFVDRVVKEAGGTVEVKGNQWDVE
EEHEE_rd4_0794__N6W,TTVHVWGVTYHFPNPEEAKKFVDRVVKEAGLTVEVKGNQWDVE
EHEE_rd3_0053__A16E,TYTFKVDNKDQAKKAEKWAKKLGLSFQIEKHGDTFKITVQ
GG_run1_1390_0006,TTLHFDLDGKKLQYTGVSEEIARLVEELKRRGVDLKEIVRILEELLK
GG_run1_1390_0006__E37V,TTLHFDLDGKKLQYTGVSEEIARLVEELKRRGVDLKVIVRILEELLK
GG_run1_1390_0006__I41Y,TTLHFDLDGKKLQYTGVSEEIARLVEELKRRGVDLKEIVRYLEELLK
GG_run1_1390_0006__L3G,TTGHFDLDGKKLQYTGVSEEIARLVEELKRRGVDLKEIVRILEELLK
GG_run2_0085_0001,DHWHVHIDGERIRLDGASEEFIRTLEELIRRGTDARELKEIIKEYLR
GG_run2_0085_0001__E37L,DHWHVHIDGERIRLDGASEEFIRTLEELIRRGTDARLLKEIIKEYLR
GG_run2_0085_0001__I7E,DHWHVHEDGERIRLDGASEEFIRTLEELIRRGTDARELKEIIKEYLR
GG_run2_0085_0001__R13D,DHWHVHIDGERIDLDGASEEFIRTLEELIRRGTDARELKEIIKEYLR
GG_run3_1315_0003,GHYRIRINGREFEIRGISEEEIRHLEEALRNGADEKILKEIVDRLRG
GG_run3_1315_0003__A28N,GHYRIRINGREFEIRGISEEEIRHLEENLRNGADEKILKEIVDRLRG
GG_run3_1315_0003__E20V,GHYRIRINGREFEIRGISEVEIRHLEEALRNGADEKILKEIVDRLRG
GG_run3_1315_0003__E21T,GHYRIRINGREFEIRGISEETIRHLEEALRNGADEKILKEIVDRLRG
GG_run4_0467_0002,LTVEVTLDGRRIELHGLSEEAHEILRHALERNADDKEIKKILEELRK
GG_run4_0467_0002__H15M,LTVEVTLDGRRIELMGLSEEAHEILRHALERNADDKEIKKILEELRK
GG_run4_0467_0002__K40Y,LTVEVTLDGRRIELHGLSEEAHEILRHALERNADDKEIKYILEELRK
GG_run4_0467_0002__L7S,LTVEVTSDGRRIELHGLSEEAHEILRHALERNADDKEIKKILEELRK
GG_run5_1147_0004,LDITFHVDGKNIHVHGASEEVVRIIEELIKNNARAEEIKETLERLLR
GG_run5_1147_0004__A35S,LDITFHVDGKNIHVHGASEEVVRIIEELIKNNARSEEIKETLERLLR
GG_run5_1147_0004__I38S,LDITFHVDGKNIHVHGASEEVVRIIEELIKNNARAEESKETLERLLR
GG_run5_1147_0004__R47P,LDITFHVDGKNIHVHGASEEVVRIIEELIKNNARAEEIKETLERLLP
GG_run5_1309_0004,HSLRVHINGKDFEVHNADEHVIRALEELIRRGADADELKEFLERWKG
GG_run5_1309_0004__E37N,HSLRVHINGKDFEVHNADEHVIRALEELIRRGADADNLKEFLERWKG
GG_run5_1309_0004__K46T,HSLRVHINGKDFEVHNADEHVIRALEELIRRGADADELKEFLERWTG
GG_run5_1309_0004__V14C,HSLRVHINGKDFECHNADEHVIRALEELIRRGADADELKEFLERWKG
GG_run6_0851_0003,DRYEFNINGVHFTIDDAEEELIKLIEELLKRGARAEEIEEVIRRWER
GG_run6_0851_0003__E37V,DRYEFNINGVHFTIDDAEEELIKLIEELLKRGARAEVIEEVIRRWER
GG_run6_0851_0003__L24D,DRYEFNINGVHFTIDDAEEELIKDIEELLKRGARAEEIEEVIRRWER
GG_run6_1310_0004,DEVRLHVNGHTIEFRGIDEEIFKILEEAAKRGADEEELRRLAEKLLR
GG_run6_1310_0004__H10T,DEVRLHVNGTTIEFRGIDEEIFKILEEAAKRGADEEELRRLAEKLLR
GG_run6_1310_0004__L46E,DEVRLHVNGHTIEFRGIDEEIFKILEEAAKRGADEEELRRLAEKLER
GG_run6_1310_0004__R15L,DEVRLHVNGHTIEFLGIDEEIFKILEEAAKRGADEEELRRLAEKLLR
HHH_rd1_0335,TEDEKKIQELLKRANGDVSKAEKLAQSQGNEELARRLREYANK
HHH_rd1_0335__I7P,TEDEKKPQELLKRANGDVSKAEKLAQSQGNEELARRLREYANK
HHH_rd1_0335__R13M,TEDEKKIQELLKMANGDVSKAEKLAQSQGNEELARRLREYANK
HHH_rd1_0335__R38C,TEDEKKIQELLKRANGDVSKAEKLAQSQGNEELARRLCEYANK
HHH_rd1_0473,QKEELKEKAKEAVKRGNKDKARELLKRAGISEEEAKKIIKKIE
HHH_rd1_0473__E33Q,QKEELKEKAKEAVKRGNKDKARELLKRAGISEQEAKKIIKKIE
HHH_rd1_0473__G16W,QKEELKEKAKEAVKRWNKDKARELLKRAGISEEEAKKIIKKIE
HHH_rd1_0473__R15S,QKEELKEKAKEAVKSGNKDKARELLKRAGISEEEAKKIIKKIE
HHH_rd2_0155,PPDDERKKAEKAARSGNEEKAREILERLGYSEDEARELAKRLR
HHH_rd2_0155__A21W,PPDDERKKAEKAARSGNEEKWREILERLGYSEDEARELAKRLR
HHH_rd2_0155__R41Q,PPDDERKKAEKAARSGNEEKAREILERLGYSEDEARELAKQLR
HHH_rd2_0155__Y30N,PPDDERKKAEKAARSGNEEKAREILERLGNSEDEARELAKRLR
HHH_rd2_0181,PKDQAKKEIEKALRNGDEEKAKRLAKKYGISDDDWKELKKRVS
HHH_rd2_0181__D32Y,PKDQAKKEIEKALRNGDEEKAKRLAKKYGISYDDWKELKKRVS
HHH_rd2_0181__I30K,PKDQAKKEIEKALRNGDEEKAKRLAKKYGKSDDDWKELKKRVS
HHH_rd2_0181__K27G,PKDQAKKEIEKALRNGDEEKAKRLAKGYGISDDDWKELKKRVS
HHH_rd4_0557,PEEVRRLVEELYRKGVSPEQVKKILKKQGIDEREIEKVLRRIG
HHH_rd4_0557__Q20E,PEEVRRLVEELYRKGVSPEEVKKILKKQGIDEREIEKVLRRIG
XX_run1_0254_0003,PDFTLHWNGITIHFKGIDEEQFRHLRELLDRGVSLEELEELAKELIK
XX_run1_0254_0003__E27D,PDFTLHWNGITIHFKGIDEEQFRHLRDLLDRGVSLEELEELAKELIK
XX_run1_0254_0003__H6M,PDFTLMWNGITIHFKGIDEEQFRHLRELLDRGVSLEELEELAKELIK
XX_run1_0254_0003__T4Q,PDFQLHWNGITIHFKGIDEEQFRHLRELLDRGVSLEELEELAKELIK
XX_run1_0367_0004,DEFHFHWNGRDIRVRGDSEELRRLIEAIKRGELSEEEIERAIEILER
XX_run1_0367_0004__A27E,DEFHFHWNGRDIRVRGDSEELRRLIEEIKRGELSEEEIERAIEILER
XX_run1_0367_0004__E2C,DCFHFHWNGRDIRVRGDSEELRRLIEAIKRGELSEEEIERAIEILER
XX_run1_0367_0004__S18Q,DEFHFHWNGRDIRVRGDQEELRRLIEAIKRGELSEEEIERAIEILER
XX_run1_0455_0002,DHWEIRVGDITIHLKDVDEEIIRWVEEALRNGDDLEEIKRWVEEVLR
XX_run1_0455_0002__D33H,DHWEIRVGDITIHLKDVDEEIIRWVEEALRNGHDLEEIKRWVEEVLR
XX_run1_0455_0002__D33V,DHWEIRVGDITIHLKDVDEEIIRWVEEALRNGVDLEEIKRWVEEVLR
XX_run1_0455_0002__V42E,DHWEIRVGDITIHLKDVDEEIIRWVEEALRNGDDLEEIKRWEEEVLR
XX_run1_0461_0006,WEITFERNGKRITVRTTDHRLLELFEKLWRNGADERELERLAEEINR
XX_run1_0461_0006__R11S,WEITFERNGKSITVRTTDHRLLELFEKLWRNGADERELERLAEEINR
XX_run3_1384_0005,LHIEINVNGLRIELHNVSEELAERIREILEKVDDREEARRLAEELIK
XX_run3_1384_0005__D33Y,LHIEINVNGLRIELHNVSEELAERIREILEKVYDREEARRLAEELIK
XX_run3_1384_0005__L21E,LHIEINVNGLRIELHNVSEEEAERIREILEKVDDREEARRLAEELIK
XX_run3_1384_0005__V7R,LHIEINRNGLRIELHNVSEELAERIREILEKVDDREEARRLAEELIK
XX_run6_1081_0004,SKDTIRINGIDIDVKDLHEEWKRLVEEALKRGDEELAIELLERALKE
XX_run6_1081_0004__D11W,SKDTIRINGIWIDVKDLHEEWKRLVEEALKRGDEELAIELLERALKE
XX_run6_1081_0004__D3Q,SKQTIRINGIDIDVKDLHEEWKRLVEEALKRGDEELAIELLERALKE
XX_run6_1081_0004__I38A,SKDTIRINGIDIDVKDLHEEWKRLVEEALKRGDEELAAELLERALKE
XX_run8_0733_0006,TTITITINGEELRIRGDHEEIHKILKAWEEDHNDEEIVRLIRELAER
XX_run8_0733_0006__H18F,TTITITINGEELRIRGDFEEIHKILKAWEEDHNDEEIVRLIRELAER
XX_run8_1063_0003,DDWEIHFNNITIRLHGVSEEQIEELKELIKNGAHEEELRKWAEEVNR
XX_run8_1063_0003__E19C,DDWEIHFNNITIRLHGVSCEQIEELKELIKNGAHEEELRKWAEEVNR
XX_run8_1063_0003__W3E,DDEEIHFNNITIRLHGVSEEQIEELKELIKNGAHEEELRKWAEEVNR
